Workbook

Sheet july
B1: NARO WIDE STAFF LIST -AUG .31.2026
B2: POSITION | C2: SALARY SCALE | D2: EMPLOYEE NAME | E2: NIN | F2: GENDER | G2: DATE OF BIRTH | H2: POSTING_STATION | I2: POSTING_TERMS | J2: SUB_GROUP | K2: FIRST APPT DATE | L2: CURRENT APPT_DATE | M2: DATE OF CURRENT CONTRACT | N2: EXPIRY OF CURRENT CONTRACT
B3: NARO SECRETARIAT
B4: OFFICE OF THE DIRECTOR GENERAL
A5: 1 | B5: Director General | C5: UR 1(i) | D5: YONA K. BAGUMA | E5: CM64006107A3TF | F5: Male | G5: 23742 | H5: NAROSEC | I5: CONTRACT | J5: Management | K5: 34335 | L5: 45047 | M5: 45047 | N5: 46873
A6: 2 | B6: Principal Administrative Assistant G.I | C6: UR 3Admin | D6: SYLIVIA LILIAN NAKAZIBWE | E6: CF7303610AZKNC | F6: Female | G6: 26928 | H6: NAROSEC | I6: CONTRACT | J6: Administration | K6: 37316 | L6: 45624 | M6: 45474 | N6: 47299
A7: 3 | B7: Administrative Assistant | C7: UR 6Admin | D7: NAKANDI LYDIA MARIA | E7: CF90024104V20F | F7: Female | G7: 33124 | H7: NAROSEC | I7: CONTRACT | J7: Administration | K7: 45754 | L7: 45754 | M7: 45779 | N7: 47603
A8: 4 | B8: Driver | D8: DERRICK KIBUUKA | E8: CM910521082H46 | F8: Male | G8: 33434 | H8: NAROSEC | I8: CONTRACT | J8: Administration | K8: 46237 | L8: 46237 | M8: 46240 | N8: 48065
A9: 5 | B9: Office Attendant | C9: UR 8 | D9: DAVID MUTANDA LYADDA | E9: CM66060100CZHJ | F9: Male | G9: 24241 | H9: NAROSEC | I9: CONTRACT | J9: Support Staff | K9: 34278 | L9: 34278 | M9: 46174 | N9: 46521
A10: 6 | B10: KIBUUKA DERRICK
B11: DIRECTORATE OF CORPORATE SERVICES
A12: =SEQUENCE(1,962) -> #NAME? | B12: Director Corporate Services | C12: UR 2(i) | D12: STEVENS KISAKA | E12: CM80030101YZ7J | F12: Male | G12: 29503 | H12: NAROSEC | I12: CONTRACT | J12: Management | K12: 45139 | L12: 45139 | M12: 45139 | N12: 46964
A13: 8 | B13: Principal Surveyor | C13: UR 3RS | D13: SUMINI NANSUBUGA | E13: CF7905210CD1ML | F13: Female | G13: 29061 | H13: NAROSEC | I13: CONTRACT | J13: Research | K13: 45517 | L13: 45517 | M13: 45568 | N13: 47391
A14: 9 | B14: Principal Legal Officer | C14: UR 3Admin | D14: NAKAWESA VIOLET | E14: CF78052105ZA7E | F14: Female | G14: 28801 | H14: NAROSEC | I14: CONTRACT | J14: Administration | K14: 41579 | L14: 45275 | M14: 45108 | N14: 46934
A15: 10 | B15: Senior Communication Officer | C15: UR 4Admin | D15: FRANK MUGABI | E15: CM79033104377A | F15: Male | G15: 29043 | H15: NAROSEC | I15: CONTRACT | J15: Administration | K15: 45253 | L15: 45253 | M15: 45242 | N15: 47087
A16: 11 | B16: Digital Media Officer | C16: UR 5(i)RS | D16: DICKSON MUYOMBA | E16: CM86052104TJGK | F16: Male | G16: 31642 | H16: NAROSEC | I16: CONTRACT | J16: Administration | K16: 45253 | L16: 45253 | M16: 45242 | N16: 47087
A17: 12 | B17: Principal Civil Engineer | C17: UR 3RS | D17: RICHARD MUKASA MALE | E17: CM7405210D7TAK | F17: Male | G17: 27269 | H17: NAROSEC | I17: CONTRACT | J17: Research | K17: 43647 | L17: 43647 | M17: 45474 | N17: 47299
A18: 13 | B18: Civil Engineer | C18: UR 5(i)RT | D18: CHARLES KIBIRIGE | E18: CM770231023NFE | F18: Male | G18: 28433 | H18: NAROSEC | I18: CONTRACT | J18: Research Support | K18: 38709 | L18: 44044 | M18: 45108 | N18: 46934
A19: 14 | B19: Principal Procurement Officer | C19: UR 3Admin | D19: EVA NAKIGULI | E19: CF75030101Q73A | F19: Female | G19: 27558 | H19: NAROSEC | I19: CONTRACT | J19: Research | K19: 43252 | L19: 43252 | M19: 45108 | N19: 46934
A20: 15 | B20: Senior Procurement Officer | C20: UR 4Admin | D20: SOLOMON WAJJA | E20: CM8605210G8F2J | F20: Male | G20: 31699 | H20: NAROSEC | I20: CONTRACT | J20: Administration | K20: 41031 | L20: 45278 | M20: 45839 | N20: 47664
A21: 16 | B21: Senior Legal Officer | C21: UR 4Admin | D21: Jackline Sarah Mawemuko | E21: CF87099102CE4E | F21: Female | G21: 32017 | H21: NAROSEC | I21: CONTRACT | K21: 46204 | L21: 46204 | M21: 46174 | N21: 48029
A22: 17 | B22: Legal Officer | C22: UR 5(i)Admin | D22: GEORGE KIWANUKA | E22: CM9405210AXL4J | F22: Male | G22: 34406 | H22: NAROSEC | I22: CONTRACT | J22: Administration | K22: 46217 | L22: 46217 | M22: 46237 | N22: 47909
A23: 18 | B23: Senior Information Technology Officer | C23: UR 4RT | D23: SYLVIA NAMUSOKE KIWANUKA | E23: CF820121039CWE | F23: Female | G23: 30045 | H23: NAROSEC | I23: CONTRACT | J23: Administration | K23: 39490 | L23: 42795 | M23: 45108 | N23: 48062
A24: 19 | B24: Information Technology Officer | C24: UR 5(i)RT | D24: ELENEST JINGO | E24: CM90100100H80F | F24: Male | G24: 33164 | H24: NAROSEC | I24: CONTRACT | J24: Administration | K24: 42737 | L24: 42737 | M24: 45108 | N24: 46934
A25: 20 | B25: Information Technology Officer | D25: ROBERT MUTYABA | E25: CM84017103LKJH | F25: Male | G25: 30975 | H25: NAROSEC | I25: CONTRACT | J25: Administration | K25: 40605 | L25: 44774 | M25: 45474 | N25: 47299
A26: 21 | B26: Senior Administrative Officer | C26: UR 4Admin | D26: NUULU NAKAYIZA | E26: CF81068108DFHK | F26: Female | G26: 29869 | H26: NAROSEC | I26: CONTRACT | J26: Administration | K26: 39142 | L26: 45490 | M26: 45474 | N26: 47299
A27: 22 | B27: Senior Administrative Assistant Grade.I | C27: UR 5(i)Admin | D27: JANE KALIITWA | E27: CF84006106083C | F27: Female | G27: 30832 | H27: NAROSEC | I27: CONTRACT | J27: Administration | K27: 43739 | L27: 45392 | M27: 45839 | N27: 47664
A28: 23 | B28: Procurement Officer | C28: UR 5(i)Admin | D28: SANYA GODFREY | E28: CM90042103W9UH | F28: Male | G28: 33227 | H28: NAROSEC | I28: CONTRACT | J28: Administration | K28: 45747 | L28: 45747 | M28: 45748 | N28: 47573
A29: 24 | B29: Administrative Assistant | C29: UR 6Admin | D29: IMMACULATE KAAHWA | E29: CF8700610797XG | F29: Female | G29: 31826 | H29: NAROSEC | I29: CONTRACT | J29: Administration | K29: 45415 | L29: 45415 | M29: 45415 | N29: 47240
A30: 25 | B30: Driver | C30: UR 7 | D30: STUART KYADDONDO | E30: CM74017101MJVJ | F30: Male | G30: 27225 | H30: NAROSEC | I30: CONTRACT | J30: Support Staff | K30: 37215 | L30: 37215 | M30: 45108 | N30: 46934
A31: 26 | B31: Driver | C31: UR 7 | D31: BUSINGYE IBRAHIM GODWINS | E31: CM790061058ALC | F31: Male | G31: 29215 | H31: NAROSEC | I31: CONTRACT | J31: Support Staff | K31: 42370 | L31: 42370 | M31: 45474 | N31: 47299
A32: 27 | B32: Driver | C32: UR 7 | D32: DDUMBA DAVID | E32: CM84023109D83E | F32: Male | G32: 30682 | H32: NAROSEC | I32: CONTRACT | J32: Support Staff | K32: 36889 | L32: 36889 | M32: 45108 | N32: 46934
A33: 28 | B33: Driver | C33: UR 7 | D33: ADRIKO NICHOLAS | E33: CM92002108ADVH | F33: Male | G33: 33660 | H33: NAROSEC | I33: CONTRACT | J33: Support Staff | K33: 45415 | L33: 45415 | M33: 45415 | N33: 47240
A34: 29 | B34: Driver | C34: UR 7 | D34: SUSANNE AYIKORU | E34: CF83053102EAMJ | F34: Female | G34: 30521 | H34: NAROSEC | I34: CONTRACT | J34: Support Staff | K34: 45415 | L34: 45415 | M34: 45415 | N34: 47240
A35: 30 | B35: Driver | C35: UR 7 | D35: HAMUZA KIBERU | E35: CM96024103FG | F35: Male | G35: 35367 | H35: NAROSEC | I35: CONTRACT | J35: Support Staff | K35: 45870 | L35: 45870 | M35: 45870 | N35: 47726
A36: 31 | B36: Driver | C36: UR 7 | D36: ANDREW KATUMBA | E36: CM9901210AGDRA | F36: Male | G36: 36496 | H36: NAROSEC | I36: CONTRACT | J36: Support Staff | K36: 46099 | L36: 46099 | M36: 46121 | N36: 47946
B37: DIRECTORATE RESEARCH COORDINATION
A39: 33 | B39: Deputy Director General | C39: UR 1(ii) | D39: SWIDIQ MUGERWA | E39: CM800121022GZJ | F39: Male | G39: 29283 | H39: NAROSEC | I39: CONTRACT | J39: Management | K39: 40078 | L39: 42309 | M39: 45139 | N39: 46965
A40: 34 | B40: Senior Principal Research Officer | C40: UR 2(ii)RS | D40: GEORGE LUKWAGO | E40: CM61091100HXYF | F40: Male | G40: 22375 | H40: NAROSEC | I40: CONTRACT | J40: Research | K40: 38596 | L40: 44743 | M40: 45108 | N40: 46847
A41: 35 | B41: Senior Principal Grants Officer | C41: UR 2(ii)RS | D41: VICTORIA TIBENDA NAMULAWA | E41: CF74007108D4TK | F41: Female | G41: 27041 | H41: NAROSEC | I41: CONTRACT | J41: Research | K41: 39056 | L41: 44743 | M41: 45078 | N41: 46934
A42: 36 | B42: Principal Monitoring and Evaluation Officer | C42: UR 3RS | D42: AKWANGO ALIAU DAMALIE | E42: CF77058100U49H | F42: Female | G42: 28250 | H42: NAROSEC | I42: CONTRACT | J42: Research | K42: 38657 | L42: 44743 | M42: 45108 | N42: 46934
A43: 37 | B43: Principal Planning Officer | C43: UR 3RS | D43: ABBEY SEGUYA | E43: CM860681022FMF | F43: Male | G43: 31711 | H43: NAROSEC | I43: CONTRACT | J43: Research | K43: 43647 | L43: 43647 | M43: 45474 | N43: 47299
A44: 38 | B44: Principal Grants Officer | C44: UR 3RS | D44: AGABA HILLARY | E44: CM7000910GG7HL | F44: Male | G44: 25688 | H44: NAROSEC | I44: CONTRACT | J44: Research | K44: 38720 | L44: 45490 | M44: 45505 | N44: 47330
A45: 39 | B45: Senior Environmental Social Safe Guard Officer | C45: UR 4RS | D45: EDIGAR BASALIZA | E45: CM080101015THK | F45: Male | G45: 32395 | H45: NAROSEC | I45: CONTRACT | J45: Research | K45: 45243 | L45: 45243 | M45: 45028 | N45: 47087
A46: 40 | B46: Principal Administrative Assistant G.II | C46: UR 4Admin | D46: NABBUMBA MARGARET LILIAN | E46: CF7705210358CG | F46: Female | G46: 28390 | H46: NAROSEC | I46: CONTRACT | J46: Administration | K46: 40508 | L46: 45278 | M46: 45108 | N46: 46934
A47: 41 | B47: Monitoring and Evaluation Officer | C47: UR 5(i)RS | D47: ANGELLA NANYONGA KAKOOZA | E47: CF890580011552 | F47: Female | G47: 32548 | H47: NAROSEC | I47: CONTRACT | J47: Research | K47: 45646 | L47: 45646 | M47: 45659 | N47: 47483
A48: 42 | B48: Econometrician | C48: UR 5(i)RS | D48: AGABA GERALD | E48: CM9214800278657 | F48: Male | G48: 33744 | H48: NAROSEC | I48: CONTRACT | J48: Research | K48: 45664 | L48: 45664 | M48: 45664 | N48: 47483
A49: 43 | B49: Risk Officer | C49: UR 5(i)RS | D49: GEOFREY NVIIRI | E49: CM81052103FE2C | F49: Male | G49: 29869 | H49: NAROSEC | I49: CONTRACT | J49: Research | K49: 41022 | L49: 44743 | M49: 46934 | N49: 46934
A50: 44 | B50: Grants Officer | C50: UR 5(i)RS | D50: ABASI KIGOZI | E50: CM850521085D4J | F50: Male | G50: 31296 | H50: NAROSEC | I50: CONTRACT | J50: Research | K50: 42692 | L50: 42692 | M50: 42705 | N50: 44165
... A52: 46 | B52: Driver | C52: UR 7 | D52: SAAD KALIISA | E52: CM860301007U6L | F52: Male | G52: 31761 | H52: NAROSEC | I52: CONTRACT | J52: Support Staff | K52: 45839 | L52: 45839 | M52: 45839 | N52: 47664
B53: Sub-total
B54: DIRECTORATE OF AGRICULTURAL TECHNOLOGY PROMOTION
A55: 47 | B55: Deputy Director General | C55: UR 1(ii) | D55: KASSIM SADIK | E55: CM72066102DZKA | F55: Male | G55: 26520 | H55: NAROSEC | I55: CONTRACT | J55: Management | K55: 42217 | L55: 44013 | M55: 43678 | N55: 47695
A56: 48 | B56: Principal Technology Promotion Officer | C56: UR 3RS | D56: ZAWEDDE BARBARA MUGWANYA | E56: CF7505210515PC | F56: Female | G56: 27727 | H56: NAROSEC | I56: CONTRACT | J56: Management | K56: 43199 | L56: 45646 | M56: 45689 | N56: 47483
A57: 49 | B57: Senior Outreach Officer | C57: UR 4RS | D57: JANE KUGONZA | E57: CF77010109D8ZF | F57: Female | G57: 28362 | H57: NAROSEC | I57: CONTRACT | J57: Administration | K57: 42795 | L57: 42795 | M57: 45108 | N57: 46934
A58: 50 | B58: Senior Incubation and Commercialization Officer | C58: UR 4RS | D58: ELIZA NAHAYO WANDERA | E58: CF87042101J77J | F58: Female | G58: 32072 | H58: NAROSEC | I58: CONTRACT | J58: Administration | K58: 43718 | L58: 43718 | M58: 45839 | N58: 47664
A59: 51 | B59: Senior Intellectual Property Management Officer | C59: UR 4RS | D59: JOSEPH MBIHAYEIMAANA | E59: CM88061102C8EH | F59: Male | G59: 32367 | H59: NAROSEC | I59: CONTRACT | J59: Administration | K59: 42744 | L59: 43718 | M59: 45108 | N59: 46934
A60: 52 | B60: Senior Database Management& Knowledge Mgt Officer | C60: UR 4RS | D60: GEOFREY KAPALAGA | E60: CM82047104X08C | F60: Male | G60: 29955 | H60: NAROSEC | I60: CONTRACT | J60: Administration | K60: 43199 | L60: 43199 | M60: 45173 | N60: 46934
A61: 53 | B61: Senior Knowledge Mgt Officer | C61: UR 4RS | D61: VICTORIA MBIGIDDE | E61: CF85052104T2RA | F61: Female | G61: 31052 | H61: NAROSEC | I61: CONTRACT | J61: Administration | K61: 43181 | L61: 45490 | M61: 45108 | N61: 46934
A62: 54 | B62: Senior Partnership Officer | C62: UR 4RS | D62: NASSIB MUGWANYA | E62: CM8614200186922 | F62: Male | G62: 31776 | H62: NAROSEC | I62: CONTRACT | J62: Science | K62: 45806 | L62: 45806 | M62: 45847 | N62: 47672
A63: 55 | B63: Senior Administrative Assistant G.I | C63: UR 5(i)Admin | D63: JESSICA KAFUREEKA | E63: CF710271039XYH | F63: Female | G63: 26224 | H63: NAROSEC | I63: CONTRACT | J63: Administration | K63: 34366 | L63: 45278 | M63: 45108 | N63: 46934
A64: 56 | B64: Adminisrative Assistant (ARS) | C64: UR 6Admin | D64: ANNET NALWOGA | E64: CF6705210H59ME | F64: Female | G64: 24802 | H64: NAROSEC | I64: CONTRACT | J64: Administration | K64: 35685 | L64: 35685 | M64: 45108 | N64: 46717
A65: 57 | B65: Librarian | C65: UR 5(i)Admin. | D65: ERIA BWANA-SIMBA | E65: CM74015104X7WD | F65: Male | G65: 27357 | H65: NAROSEC | I65: CONTRACT | J65: Administration | K65: 35703 | L65: 45278 | M65: 45108 | N65: 46934
A66: 58 | B66: Driver | C66: UR 7 | D66: SALEH SALIM | E66: CM920381009KCH | F66: Male | G66: 33762 | H66: NAROSEC | I66: CONTRACT | J66: Support Staff | K66: 45415 | L66: 45415 | M66: 45415 | N66: 47242
B67: Sub-total
B68: DIRECTORATE OF INTERNAL AUDIT
A69: 59 | B69: Director Internal Audit | C69: UR 2(i) | D69: OWOR DENIS OBONYO | E69: CM7003910A6R7A | F69: Male | G69: 25917 | H69: NAROSEC | I69: CONTRACT | J69: Management | K69: 42779 | L69: 44013 | M69: 45839 | N69: 47664
A70: 60 | B70: Principal Internal Auditor | C70: UR 3Admin | D70: NAGUJJA LILLIAN | E70: CF82047106KUZF | F70: Female | G70: 30148 | H70: NAROSEC | I70: CONTRACT | J70: Administration | K70: 45667 | L70: 45667 | M70: 45717 | N70: 47542
A71: 61 | B71: Senior Internal Auditor | C71: UR 4Admin | D71: ANDREW OLEGO OLUPOT | E71: CM74097101HV2L | F71: Male | G71: 27156 | H71: NAROSEC | I71: CONTRACT | J71: Administration | K71: 35179 | L71: 45278 | M71: 45474 | N71: 47299
A72: 62 | B72: Senior Internal Auditor | C72: =$C$73 -> UR 5(i)Admin | D72: JUDITH ELONGE | E72: CF850881024XMD | F72: Female | G72: 31383 | H72: NAROSEC | I72: CONTRACT | J72: Administration | K72: 42375 | L72: 45278 | M72: 45839 | N72: 47664
A73: 63 | B73: Senior Administrative Assistant Grade.I | C73: UR 5(i)Admin | D73: PERCY NAKATO | E73: CF7004510190MH | F73: Female | G73: 25675 | H73: NAROSEC | I73: CONTRACT | J73: Administration | K73: 35737 | L73: 45278 | M73: 45108 | N73: 46934
A74: 64 | B74: Driver | C74: UR 7 | D74: FRED DALEX APITA | E74: CM69022101VFAE | F74: Male | G74: 25259 | H74: NAROSEC | I74: CONTRACT | J74: Support Staff | K74: 37509 | L74: 37509 | M74: 45108 | N74: 46934
B75: Sub-total
B76: DIRECTORATE OF FINANCE AND ACCOUNTS
A77: 65 | B77: Director Finance and Accounts | C77: UR 2(i) | D77: TEGIIKE JULIUS MUNUNUZI | E77: CM690491043YXC | F77: Male | G77: 25502 | H77: NAROSEC | I77: CONTRACT | J77: Management | K77: 45139 | L77: 45139 | M77: 45139 | N77: 46965
A78: 66 | B78: Principal Accountant | C78: UR 3Admin | D78: TEBAGERWA EVA COLLIN | E78: CF73012104K26J | F78: Female | G78: 26739 | H78: NAROSEC | I78: CONTRACT | J78: Administration | K78: 40878 | L78: 45839 | M78: 45474 | N78: 47299
A79: 67 | B79: Principal Accountant | C79: UR 3Admin | D79: ELIZABETH ATUHAIRE | E79: CF8500910KNWYJ | F79: Female | G79: 31052 | H79: NAROSEC | I79: CONTRACT | J79: Administration | K79: 39173 | L79: 45839 | M79: 45108 | N79: 46934
A80: 68 | B80: Accountant | C80: UR 5(i)Admin | D80: BERNA NAMULONDO | E80: CF90030102102G | F80: Female | G80: 32894 | H80: NAROSEC | I80: CONTRACT | J80: Administration | K80: 42866 | L80: 45392 | M80: 45108 | N80: 46934
A81: 69 | B81: Accountant | C81: UR 5(i)Admin | D81: NAABUKERA FAUSTA | E81: CF71052102U48L | F81: Female | G81: 26078 | H81: NAROSEC | I81: CONTRACT | J81: Administration | K81: 35690 | L81: 40299 | M81: 45108 | N81: 46934
A82: 70 | B82: Accountant | C82: UR 5(i)Admin | D82: MARIA GRACE NAKABUYE | E82: CF930521046TGA | F82: Female | G82: 34034 | H82: NAROSEC | I82: CONTRACT | J82: Administration | K82: 42850 | L82: 45392 | M82: 45108 | N82: 46934
A83: 71 | B83: Senior Administrative Assistant Grade.I | C83: UR 5(i)Admin | D83: RESTY FOKWORORA KABAGAMBE | E83: CF831061019NKE | F83: Female | G83: 30556 | H83: NAROSEC | I83: CONTRACT | J83: Administration | K83: 42387 | L83: 45392 | M83: 45839 | N83: 47664
A84: 72 | B84: Inventory Management Officer | C84: UR 5(ii)Admin | D84: TUSIIMIRE SARAH | E84: CF77101103XRVD | F84: Female | G84: 28239 | H84: NAROSEC | I84: CONTRACT | J84: Administration | K84: 39449 | L84: 42795 | M84: 45298 | N84: 47299
A85: 73 | B85: Senior Assistant Accountant | C85: UR 5(ii)Admin | D85: ODETTA JANE HABYARA | E85: CF79018102VJ2L | F85: Female | G85: 29087 | H85: NAROSEC | I85: CONTRACT | J85: Administration | K85: 40518 | L85: 45278 | M85: 45108 | N85: 46934
A86: 74 | B86: Senior Assistant Accountant | C86: UR 5(ii)Admin | D86: IRENE NABBUYE | E86: CF7905210E8KYC | F86: Female | G86: 29022 | H86: NAROSEC | I86: CONTRACT | J86: Administration | K86: 43587 | L86: 45401 | M86: 45474 | N86: 47299
A87: 75 | B87: Assistant Accountant | C87: UR 6Admin | D87: FRANCIS KIIZA | E87: CM91006102M0QE | F87: Male | G87: 33253 | H87: NAROSEC | I87: CONTRACT | J87: Administration | K87: 43703 | L87: 43703 | M87: 45474 | N87: 47299
A88: 76 | B88: Driver | C88: UR 7 | D88: PAUL MUKAMA TUSUBIRA | E88: CF730081049KRC | F88: Male | G88: 27011 | H88: NAROSEC | I88: CONTRACT | J88: Support Staff | K88: 45415 | L88: 45415 | M88: 45415 | N88: 47240
B89: Sub-total
B90: DIRECTORATE OF HUMAN RESOURCE
A91: 78 | B91: Director Human Resource | C91: UR 2(i) | D91: MARK SSEREMBA | E91: CM73100103A75K | F91: Male | G91: 27025 | H91: NAROSEC | I91: CONTRACT | J91: Management | K91: 45139 | L91: 45139 | M91: 45139 | N91: 46965
A92: 79 | B92: Principal Human Resource Officer | C92: UR 3Admin | D92: EDMOND COSMAS OSOA | E92: CM72002101QQLH | F92: Male | G92: 26612 | H92: NAROSEC | I92: CONTRACT | J92: Administration | K92: 40301 | L92: 45839 | M92: 45108 | N92: 46934
A93: 80 | B93: Principal Human Resource Officer | C93: UR 3Admin | D93: BARBRA NYAKATO KIMPI | E93: CF80055102KLML | F93: Female | G93: 29450 | H93: NAROSEC | I93: CONTRACT | J93: Administration | K93: 45964 | L93: 45964 | M93: 45964 | N93: 47787
A94: 81 | B94: Principal Human Resource Officer | C94: UR 3Admin | D94: ESTHER HARRIET ATIM | E94: CF77001103V59J | F94: Female | G94: 28437 | H94: NAROSEC | I94: CONTRACT | J94: Administration | K94: 40077 | L94: 45839 | M94: 45108 | N94: 46934
A95: 82 | B95: Senior Human Resource Officer | C95: UR 4Admin | D95: MADINA WALUSIMBI NAKIMULI | E95: CF760821023RYC | F95: Female | G95: 28000 | H95: NAROSEC | I95: CONTRACT | J95: Administration | K95: 42370 | L95: 45839 | M95: 45839 | N95: 47664
A96: 83 | B96: Senior Administrative Assistant Grade.I | C96: UR 5(i)Admin | D96: BETH ROSALIE NAKAYENZE | E96: CF81051102Q3ZL | F96: Female | G96: 29881 | H96: NAROSEC | I96: CONTRACT | J96: Administration | K96: 43739 | L96: 45392 | M96: 45839 | N96: 47664
A97: 84 | B97: Records Officer | C97: UR 5(i)Admin | D97: MOSES YIGA | E97: CM690121058EHL | F97: Male | G97: 25362 | H97: NAROSEC | I97: CONTRACT | J97: Administration | K97: 34591 | L97: 34591 | M97: 45490 | N97: 46934
A98: 85 | B98: Records Assistant | C98: UR 6Admin | D98: TEDDY ADONGO | E98: CF860791042P9F | F98: Female | G98: 31776 | H98: NAROSEC | I98: CONTRACT | J98: Administration | K98: 43682 | L98: 43682 | M98: 45108 | N98: 46934
A99: 86 | B99: Driver | C99: UR 7 | D99: EPUNE HERBERT DENIS | E99: CM85079101UP1G | F99: Male | G99: 31345 | H99: NAROSEC | I99: CONTRACT | J99: Support Staff | K99: 45415 | L99: 45415 | M99: 45415 | N99: 47240
A100: 87 | B100: Kitchen Attendant | C100: UR 7 | D100: IMELDA NANYONJO BAGALANA | E100: CF79023109KQZL | F100: Female | G100: 29031 | H100: NAROSEC | I100: CONTRACT | J100: Support Staff | K100: 43716 | L100: 43716 | M100: 45839 | N100: June-30-2030
A101: 88 | B101: Office Attendant | C101: UR 8 | D101: LINDA MONICA NAKYAJJA | E101: CF8705210H0M5F | F101: Female | G101: 32071 | H101: NAROSEC | I101: CONTRACT | J101: Support Staff | K101: 43716 | L101: 43716 | M101: 45474 | N101: 47299
B102: Sub-total | D102: =SUM(#REF!) -> #REF!
...

Sheet STRUCTURE 
A1: NARO ESTABLISHMENT_NUMBERS JUNE 2026
A2: =[5]Sheet1!B2 -> POSITION TITLE | B2: =[5]Sheet1!C2 -> SALARY SCALE | C2: =[5]Sheet1!D2 -> APP | D2: =[5]Sheet1!E2 -> FILLED | E2: =[5]Sheet1!F2 -> VACANT | F2: =[5]Sheet1!G2 -> OLD SALARY | G2: =[5]Sheet1!H2 -> NEW SALARY | H2: =[5]Sheet1!I2 -> REMARK
A3: =[5]Sheet1!B3 -> Director General | B3: =[5]Sheet1!C3 -> UR 1(i) | C3: =[5]Sheet1!D3 -> 1 | D3: =[5]Sheet1!E3 -> 1 | E3: =(C3-D3) -> 0 | F3: =[5]Sheet1!G3 -> 20000000 | G3: =[5]Sheet1!H3 -> 20000000
A4: =[5]Sheet1!B4 -> Deputy Director General | B4: =[5]Sheet1!C4 -> UR 1(ii) | C4: =[5]Sheet1!D4 -> 2 | D4: =[5]Sheet1!E4 -> 2 | E4: =(C4-D4) -> 0 | F4: =[5]Sheet1!G4 -> 16900000 | G4: =[5]Sheet1!H4 -> 16900000
A5: =[5]Sheet1!B5 -> Director | B5: =[5]Sheet1!C5 -> UR 2(i) | C5: =[5]Sheet1!D5 -> 19 | D5: =[5]Sheet1!E5 -> 19 | E5: =(C5-D5) -> 0 | F5: =[5]Sheet1!G5 -> 14000000 | G5: =[5]Sheet1!H5 -> 14000000
A6: =[5]Sheet1!B6 -> Senior Principal Grants Officer | B6: =[5]Sheet1!C6 -> UR 2(ii)RS | C6: =[5]Sheet1!D6 -> 1 | D6: =[5]Sheet1!E6 -> 1 | E6: =(C6-D6) -> 0 | F6: =[5]Sheet1!G6 -> 10600000 | G6: =[5]Sheet1!H6 -> 10600000
A7: =[5]Sheet1!B7 -> Senior Principal Research Officer | B7: =[5]Sheet1!C7 -> UR 2(ii)RS | C7: 34 | D7: 12 | E7: =(C7-D7) -> 22 | F7: =[5]Sheet1!G7 -> 10600000 | G7: =[5]Sheet1!H7 -> 10600000
A8: =[5]Sheet1!B8 -> Senior Principal Technology Promotion Officer | B8: =[5]Sheet1!C8 -> UR 2(ii)RS | C8: =[5]Sheet1!D8 -> 1 | D8: =[5]Sheet1!E8 -> 0 | E8: =(C8-D8) -> 1 | F8: =[5]Sheet1!G8 -> 10600000 | G8: =[5]Sheet1!H8 -> 10600000
A9: =[5]Sheet1!B9 -> Senior Principal Research Officer-Production& Documentation | B9: =[5]Sheet1!C9 -> UR 2(ii)RS | C9: =[5]Sheet1!D9 -> 1 | D9: =[5]Sheet1!E9 -> 0 | E9: =(C9-D9) -> 1 | F9: =[5]Sheet1!G9 -> 10600000 | G9: =[5]Sheet1!H9 -> 10600000
A10: =[5]Sheet1!B10 -> Senior Principal Research Officer-Air Quality Control | B10: =[5]Sheet1!C10 -> UR 2(ii)RS | C10: =[5]Sheet1!D10 -> 1 | D10: =[5]Sheet1!E10 -> 0 | E10: =(C10-D10) -> 1 | F10: =[5]Sheet1!G10 -> 10600000 | G10: =[5]Sheet1!H10 -> 10600000
A11: =[5]Sheet1!B11 -> Principal Artificial Intelligence Officer | B11: =[5]Sheet1!C11 -> UR 3RS | C11: =[5]Sheet1!D11 -> 1 | D11: =[5]Sheet1!E11 -> 0 | E11: =(C11-D11) -> 1 | F11: =[5]Sheet1!G11 -> 7500000 | G11: =[5]Sheet1!H11 -> 8500000 | H11: =[5]Sheet1!I11 -> New position
A12: =[5]Sheet1!B12 -> Principal Civil Engineer | B12: =[5]Sheet1!C12 -> UR 3RS | C12: =[5]Sheet1!D12 -> 1 | D12: =[5]Sheet1!E12 -> 1 | E12: =(C12-D12) -> 0 | F12: =[5]Sheet1!G12 -> 7500000 | G12: =[5]Sheet1!H12 -> 8500000 | H12: =[5]Sheet1!I12 -> Change in salary
A13: =[5]Sheet1!B13 -> Principal Information Technology Officer | B13: =[5]Sheet1!C13 -> UR 3RS | C13: =[5]Sheet1!D13 -> 1 | D13: =[5]Sheet1!E13 -> 0 | E13: =(C13-D13) -> 1 | F13: =[5]Sheet1!G13 -> 7500000 | G13: =[5]Sheet1!H13 -> 8500000 | H13: =[5]Sheet1!I13 -> Change in salary
A14: =[5]Sheet1!B14 -> Principal Grants Officer | B14: =[5]Sheet1!C14 -> UR 3RS | C14: =[5]Sheet1!D14 -> 1 | D14: =[5]Sheet1!E14 -> 1 | E14: =(C14-D14) -> 0 | F14: =[5]Sheet1!G14 -> 7500000 | G14: =[5]Sheet1!H14 -> 8500000 | H14: =[5]Sheet1!I14 -> Change in salary
A15: =[5]Sheet1!B15 -> Principal Monitoring and Evaluation Officer | B15: =[5]Sheet1!C15 -> UR 3RS | C15: =[5]Sheet1!D15 -> 1 | D15: =[5]Sheet1!E15 -> 1 | E15: =(C15-D15) -> 0 | F15: =[5]Sheet1!G15 -> 7500000 | G15: =[5]Sheet1!H15 -> 8500000 | H15: =[5]Sheet1!I15 -> Change in salary
A16: =[5]Sheet1!B16 -> Principal Planning Officer | B16: =[5]Sheet1!C16 -> UR 3RS | C16: =[5]Sheet1!D16 -> 1 | D16: =[5]Sheet1!E16 -> 1 | E16: =(C16-D16) -> 0 | F16: =[5]Sheet1!G16 -> 7500000 | G16: =[5]Sheet1!H16 -> 8500000 | H16: =[5]Sheet1!I16 -> Change in salary
A17: =[5]Sheet1!B17 -> Principal Quality Assurance and Compliance Officer | B17: =[5]Sheet1!C17 -> UR 3RS | C17: =[5]Sheet1!D17 -> 1 | D17: =[5]Sheet1!E17 -> 0 | E17: =(C17-D17) -> 1 | F17: =[5]Sheet1!G17 -> 7500000 | G17: =[5]Sheet1!H17 -> 8500000 | H17: =[5]Sheet1!I17 -> Change in salary
A18: =[5]Sheet1!B18 -> Principal Research Officer | B18: =[5]Sheet1!C18 -> UR 3RS | C18: =[5]Sheet1!D18 -> 50 | D18: =[5]Sheet1!E18 -> 31 | E18: =(C18-D18) -> 19 | F18: =[5]Sheet1!G18 -> 7500000 | G18: =[5]Sheet1!H18 -> 8500000 | H18: =[5]Sheet1!I18 -> Change in salary
A19: =[5]Sheet1!B19 -> Principal Surveyor | B19: =[5]Sheet1!C19 -> UR 3RS | C19: =[5]Sheet1!D19 -> 1 | D19: =[5]Sheet1!E19 -> 1 | E19: =(C19-D19) -> 0 | F19: =[5]Sheet1!G19 -> 7500000 | G19: =[5]Sheet1!H19 -> 8500000 | H19: =[5]Sheet1!I19 -> changed Salary& nomenclature
A20: =[5]Sheet1!B20 -> Principal Technology Promotion Officer | B20: =[5]Sheet1!C20 -> UR 3RS | C20: =[5]Sheet1!D20 -> 1 | D20: =[5]Sheet1!E20 -> 1 | E20: =(C20-D20) -> 0 | F20: =[5]Sheet1!G20 -> 7500000 | G20: =[5]Sheet1!H20 -> 8500000 | H20: =[5]Sheet1!I20 -> Change in salary
A21: =[5]Sheet1!B21 -> Principal Technology Promotion Officer Transfer | B21: =[5]Sheet1!C21 -> UR 3RS | C21: =[5]Sheet1!D21 -> 1 | D21: =[5]Sheet1!E21 -> 0 | E21: =(C21-D21) -> 1 | F21: =[5]Sheet1!G21 -> 7500000 | G21: =[5]Sheet1!H21 -> 8500000 | H21: =[5]Sheet1!I21 -> New position & changed salary
A22: =[5]Sheet1!B22 -> Principal Research Officer- M&E | B22: =[5]Sheet1!C22 -> UR 3RS | C22: =[5]Sheet1!D22 -> 1 | D22: =[5]Sheet1!E22 -> 0 | E22: =(C22-D22) -> 1 | F22: =[5]Sheet1!G22 -> 7500000 | G22: =[5]Sheet1!H22 -> 8500000 | H22: =[5]Sheet1!I22 -> New position & changed salary
A23: =[5]Sheet1!B23 -> Principal Research Officer-Building Management Systems | B23: =[5]Sheet1!C23 -> UR 3RS | C23: =[5]Sheet1!D23 -> 1 | D23: =[5]Sheet1!E23 -> 0 | E23: =(C23-D23) -> 1 | F23: =[5]Sheet1!G23 -> 7500000 | G23: =[5]Sheet1!H23 -> 8500000 | H23: =[5]Sheet1!I23 -> New position & changed salary
A24: =[5]Sheet1!B24 -> Principal Administrative Assistant G.I | B24: =[5]Sheet1!C24 -> UR 3Admin | C24: =[5]Sheet1!D24 -> 1 | D24: =[5]Sheet1!E24 -> 1 | E24: =(C24-D24) -> 0 | F24: =[5]Sheet1!G24 -> 6600000 | G24: =[5]Sheet1!H24 -> 6600000
A25: =[5]Sheet1!B25 -> Principal Accountant | B25: =[5]Sheet1!C25 -> UR 3Admin | C25: =[5]Sheet1!D25 -> 5 | D25: =[5]Sheet1!E25 -> 5 | E25: =(C25-D25) -> 0 | F25: =[5]Sheet1!G25 -> 6600000 | G25: =[5]Sheet1!H25 -> 6600000
A26: =[5]Sheet1!B26 -> Principal Communication Officer | B26: =[5]Sheet1!C26 -> UR 3Admin | C26: =[5]Sheet1!D26 -> 1 | D26: =[5]Sheet1!E26 -> 0 | E26: =(C26-D26) -> 1 | F26: =[5]Sheet1!G26 -> 6600000 | G26: =[5]Sheet1!H26 -> 6600000 | H26: =[5]Sheet1!I26 -> New position & changed salary
A27: =[5]Sheet1!B27 -> Principal Human Resource Officer | B27: =[5]Sheet1!C27 -> UR 3Admin | C27: =[5]Sheet1!D27 -> 3 | D27: =[5]Sheet1!E27 -> 3 | E27: =(C27-D27) -> 0 | F27: =[5]Sheet1!G27 -> 6600000 | G27: =[5]Sheet1!H27 -> 6600000 | H27: =[5]Sheet1!I27 -> 0
A28: =[5]Sheet1!B28 -> Principal Human Resource & Administrative Officer | B28: =[5]Sheet1!C28 -> UR 3Admin | C28: =[5]Sheet1!D28 -> 3 | D28: =[5]Sheet1!E28 -> 3 | E28: =(C28-D28) -> 0 | F28: =[5]Sheet1!G28 -> 6600000 | G28: =[5]Sheet1!H28 -> 6600000 | H28: =[5]Sheet1!I28 -> Upgraded position
A29: =[5]Sheet1!B29 -> Principal Internal Auditor | B29: =[5]Sheet1!C29 -> UR 3Admin | C29: =[5]Sheet1!D29 -> 4 | D29: =[5]Sheet1!E29 -> 4 | E29: =(C29-D29) -> 0 | F29: =[5]Sheet1!G29 -> 6600000 | G29: =[5]Sheet1!H29 -> 6600000
A30: =[5]Sheet1!B30 -> Principal Legal Officer | B30: =[5]Sheet1!C30 -> UR 3Admin | C30: =[5]Sheet1!D30 -> 1 | D30: =[5]Sheet1!E30 -> 1 | E30: =(C30-D30) -> 0 | F30: =[5]Sheet1!G30 -> 6600000 | G30: =[5]Sheet1!H30 -> 6600000 | H30: =[5]Sheet1!I30 -> changed Salary& nomenclature
A31: =[5]Sheet1!B31 -> Principal Procurement Officer | B31: =[5]Sheet1!C31 -> UR 3Admin | C31: =[5]Sheet1!D31 -> 1 | D31: =[5]Sheet1!E31 -> 1 | E31: =(C31-D31) -> 0 | F31: =[5]Sheet1!G31 -> 6600000 | G31: =[5]Sheet1!H31 -> 6600000
A32: =[5]Sheet1!B32 -> Senior Environmental Social Safe Guard Officer | B32: =[5]Sheet1!C32 -> UR 4RS | C32: =[5]Sheet1!D32 -> 1 | D32: =[5]Sheet1!E32 -> 1 | E32: =(C32-D32) -> 0 | F32: =[5]Sheet1!G32 -> 6500000 | G32: =[5]Sheet1!H32 -> 7500000 | H32: =[5]Sheet1!I32 -> Change in salary
A33: =[5]Sheet1!B33 -> Senior Biometrician | B33: =[5]Sheet1!C33 -> UR 4RS | C33: =[5]Sheet1!D33 -> 1 | D33: =[5]Sheet1!E33 -> 0 | E33: =(C33-D33) -> 1 | F33: =[5]Sheet1!G33 -> 6500000 | G33: =[5]Sheet1!H33 -> 7500000 | H33: =[5]Sheet1!I33 -> Change in salary
A34: =[5]Sheet1!B34 -> Senior Risk Officer | B34: =[5]Sheet1!C34 -> UR 4RS | C34: =[5]Sheet1!D34 -> 1 | D34: =[5]Sheet1!E34 -> 0 | E34: =(C34-D34) -> 1 | F34: =[5]Sheet1!G34 -> 6500000 | G34: =[5]Sheet1!H34 -> 7500000 | H34: =[5]Sheet1!I34 -> Nomenclature changed& upgraded
A35: =[5]Sheet1!B35 -> Senior Accreditation Officer | B35: =[5]Sheet1!C35 -> UR 4RS | C35: =[5]Sheet1!D35 -> 1 | D35: =[5]Sheet1!E35 -> 0 | E35: =(C35-D35) -> 1 | F35: =[5]Sheet1!G35 -> 6500000 | G35: =[5]Sheet1!H35 -> 7500000 | H35: =[5]Sheet1!I35 -> Change in salary
A36: =[5]Sheet1!B36 -> Senior Research Officer- Grants | B36: =[5]Sheet1!C36 -> UR 4RS | C36: =[5]Sheet1!D36 -> 1 | D36: =[5]Sheet1!E36 -> 0 | E36: =(C36-D36) -> 1 | F36: =[5]Sheet1!G36 -> 6500000 | G36: =[5]Sheet1!H36 -> 7500000 | H36: =[5]Sheet1!I36 -> Upgraded position
A37: =[5]Sheet1!B37 -> Senior Outreach Officer | B37: =[5]Sheet1!C37 -> UR 4RS | C37: =[5]Sheet1!D37 -> 1 | D37: =[5]Sheet1!E37 -> 1 | E37: =(C37-D37) -> 0 | F37: =[5]Sheet1!G37 -> 6500000 | G37: =[5]Sheet1!H37 -> 7500000 | H37: =[5]Sheet1!I37 -> Change in salary
A38: =[5]Sheet1!B38 -> Senior Incubation and Commercialization Officer | B38: =[5]Sheet1!C38 -> UR 4RS | C38: =[5]Sheet1!D38 -> 1 | D38: =[5]Sheet1!E38 -> 1 | E38: =(C38-D38) -> 0 | F38: =[5]Sheet1!G38 -> 6500000 | G38: =[5]Sheet1!H38 -> 7500000 | H38: =[5]Sheet1!I38 -> Change in salary
A39: =[5]Sheet1!B39 -> Senior Intellectual Property Management Officer | B39: =[5]Sheet1!C39 -> UR 4RS | C39: =[5]Sheet1!D39 -> 1 | D39: =[5]Sheet1!E39 -> 1 | E39: =(C39-D39) -> 0 | F39: =[5]Sheet1!G39 -> 6500000 | G39: =[5]Sheet1!H39 -> 7500000 | H39: =[5]Sheet1!I39 -> Change in salary
A40: =[5]Sheet1!B40 -> Senior Database Management& Knowledge Mgt Officer | B40: =[5]Sheet1!C40 -> UR 4RS | C40: =[5]Sheet1!D40 -> 1 | D40: =[5]Sheet1!E40 -> 1 | E40: =(C40-D40) -> 0 | F40: =[5]Sheet1!G40 -> 6500000 | G40: =[5]Sheet1!H40 -> 7500000 | H40: =[5]Sheet1!I40 -> Change in salary
A41: =[5]Sheet1!B41 -> Senior Knowledge Mgt Officer | B41: =[5]Sheet1!C41 -> UR 4RS | C41: =[5]Sheet1!D41 -> 1 | D41: =[5]Sheet1!E41 -> 1 | E41: =(C41-D41) -> 0 | F41: =[5]Sheet1!G41 -> 6500000 | G41: =[5]Sheet1!H41 -> 7500000 | H41: =[5]Sheet1!I41 -> Change in salary
A42: =[5]Sheet1!B42 -> Senior Partnership Officer | B42: =[5]Sheet1!C42 -> UR 4RS | C42: =[5]Sheet1!D42 -> 1 | D42: =[5]Sheet1!E42 -> 1 | E42: =(C42-D42) -> 0 | F42: =[5]Sheet1!G42 -> 6500000 | G42: =[5]Sheet1!H42 -> 7500000 | H42: =[5]Sheet1!I42 -> Change in salary
A43: =[5]Sheet1!B43 -> Senior Research Officer-Biometrics | B43: =[5]Sheet1!C43 -> UR 4RS | C43: =[5]Sheet1!D43 -> 1 | D43: =[5]Sheet1!E43 -> 0 | E43: =(C43-D43) -> 1 | F43: =[5]Sheet1!G43 -> 6500000 | G43: =[5]Sheet1!H43 -> 7500000 | H43: =[5]Sheet1!I43 -> Nomenclature changed& upgraded
... A47: =[5]Sheet1!B47 -> Marine Captain | B47: =[5]Sheet1!C47 -> UR 4RS | C47: =[5]Sheet1!D47 -> 1 | D47: =[5]Sheet1!E47 -> 1 | E47: =(C47-D47) -> 0 | F47: =[5]Sheet1!G47 -> 6500000 | G47: =[5]Sheet1!H47 -> 7500000 | H47: =[5]Sheet1!I47 -> Change in salary
A48: =[5]Sheet1!B48 -> Senior Research Officer | B48: =[5]Sheet1!C48 -> UR 4RS | C48: =[5]Sheet1!D48 -> 117 | D48: 88 | E48: =(C48-D48) -> 29 | F48: =[5]Sheet1!G48 -> 6500000 | G48: =[5]Sheet1!H48 -> 7500000 | H48: =[5]Sheet1!I48 -> Change in salary
A49: =[5]Sheet1!B49 -> Senior Accountant | B49: =[5]Sheet1!C49 -> UR 4Admin | C49: =[5]Sheet1!D49 -> 7 | D49: =[5]Sheet1!E49 -> 7 | E49: =(C49-D49) -> 0 | F49: =[5]Sheet1!G49 -> 5500000 | G49: =[5]Sheet1!H49 -> 5500000
A50: =[5]Sheet1!B50 -> Senior Development Communication Officer | B50: =[5]Sheet1!C50 -> UR 4Admin | C50: =[5]Sheet1!D50 -> 4 | D50: =[5]Sheet1!E50 -> 2 | E50: =(C50-D50) -> 2 | F50: =[5]Sheet1!G50 -> 5500000 | G50: =[5]Sheet1!H50 -> 5500000
A51: =[5]Sheet1!B51 -> Senior Communication Officer | B51: =[5]Sheet1!C51 -> UR 4Admin | C51: =[5]Sheet1!D51 -> 1 | D51: =[5]Sheet1!E51 -> 1 | E51: =(C51-D51) -> 0 | F51: =[5]Sheet1!G51 -> 5500000 | G51: =[5]Sheet1!H51 -> 5500000
A52: =[5]Sheet1!B52 -> Senior Legal Officer | B52: =[5]Sheet1!C52 -> UR 4Admin | C52: =[5]Sheet1!D52 -> 1 | D52: =[5]Sheet1!E52 -> 0 | E52: =(C52-D52) -> 1 | F52: =[5]Sheet1!G52 -> 5500000 | G52: =[5]Sheet1!H52 -> 5500000 | H52: =[5]Sheet1!I52 -> Nomenclature changed& upgraded
A53: =[5]Sheet1!B53 -> Senior Human Resource Officer | B53: =[5]Sheet1!C53 -> UR 4Admin | C53: =[5]Sheet1!D53 -> 1 | D53: =[5]Sheet1!E53 -> 1 | E53: =(C53-D53) -> 0 | F53: =[5]Sheet1!G53 -> 5500000 | G53: =[5]Sheet1!H53 -> 5500000 | H53: =[5]Sheet1!I53 -> Upgraded position
A54: =[5]Sheet1!B54 -> Senior Human Resource & Administrative Officer | B54: =[5]Sheet1!C54 -> UR 4Admin | C54: =[5]Sheet1!D54 -> 5 | D54: =[5]Sheet1!E54 -> 4 | E54: =(C54-D54) -> 1 | F54: =[5]Sheet1!G54 -> 5500000 | G54: =[5]Sheet1!H54 -> 5500000
A55: =[5]Sheet1!B55 -> Senior Internal Auditor | B55: =[5]Sheet1!C55 -> UR 4Admin | C55: =[5]Sheet1!D55 -> 7 | D55: =[5]Sheet1!E55 -> 4 | E55: =(C55-D55) -> 3 | F55: =[5]Sheet1!G55 -> 5500000 | G55: =[5]Sheet1!H55 -> 5500000
A56: =[5]Sheet1!B56 -> Principal Administrative Assistant G.II | B56: =[5]Sheet1!C56 -> UR 4Admin | C56: =[5]Sheet1!D56 -> 1 | D56: =[5]Sheet1!E56 -> 1 | E56: =(C56-D56) -> 0 | F56: =[5]Sheet1!G56 -> 5500000 | G56: =[5]Sheet1!H56 -> 5500000
A57: =[5]Sheet1!B57 -> Principal Administrative Assistant G.II | B57: =[5]Sheet1!C57 -> UR 4Admin | C57: =[5]Sheet1!D57 -> 1 | D57: =[5]Sheet1!E57 -> 0 | E57: =(C57-D57) -> 1 | F57: =[5]Sheet1!G57 -> 5500000 | G57: =[5]Sheet1!H57 -> 5500000
A58: =[5]Sheet1!B58 -> Senior Procurement Officer | B58: =[5]Sheet1!C58 -> UR 4Admin | C58: =[5]Sheet1!D58 -> 9 | D58: =[5]Sheet1!E58 -> 6 | E58: =(C58-D58) -> 3 | F58: =[5]Sheet1!G58 -> 5500000 | G58: =[5]Sheet1!H58 -> 5500000
A59: =[5]Sheet1!B59 -> Senior Administrative Officer | B59: =[5]Sheet1!C59 -> UR 4Admin | C59: =[5]Sheet1!D59 -> 1 | D59: =[5]Sheet1!E59 -> 1 | E59: =(C59-D59) -> 0 | F59: =[5]Sheet1!G59 -> 5500000 | G59: =[5]Sheet1!H59 -> 5500000
A60: =[5]Sheet1!B60 -> Senior Information Technology Officer | B60: =[5]Sheet1!C60 -> UR 4RT | C60: =[5]Sheet1!D60 -> 1 | D60: =[5]Sheet1!E60 -> 1 | E60: =(C60-D60) -> 0 | F60: =[5]Sheet1!G60 -> 5600000 | G60: =[5]Sheet1!H60 -> 5600000
A61: =[5]Sheet1!B61 -> Senior Principal Technician | B61: =[5]Sheet1!C61 -> UR 4RT | C61: =[5]Sheet1!D61 -> 4 | D61: =[5]Sheet1!E61 -> 1 | E61: =(C61-D61) -> 3 | F61: =[5]Sheet1!G61 -> 5600000 | G61: =[5]Sheet1!H61 -> 5600000
A62: =[5]Sheet1!B62 -> Senior Monitoring and Evaluation Officer | B62: =[5]Sheet1!C62 -> UR 4Admin | C62: =[5]Sheet1!D62 -> 1 | D62: =[5]Sheet1!E62 -> 0 | E62: =(C62-D62) -> 1 | F62: =[5]Sheet1!G62 -> 5500000 | G62: =[5]Sheet1!H62 -> 5500000
A63: =[5]Sheet1!B63 -> Senior Procurement Officer | B63: =[5]Sheet1!C63 -> UR 4Admin | C63: =[5]Sheet1!D63 -> 9 | D63: =[5]Sheet1!E63 -> 6 | E63: =(C63-D63) -> 3 | F63: =[5]Sheet1!G63 -> 5500000 | G63: =[5]Sheet1!H63 -> 5500000
A64: =[5]Sheet1!B64 -> Digital Media Officer | B64: =[5]Sheet1!C64 -> UR 5(i)RS | C64: =[5]Sheet1!D64 -> 1 | D64: =[5]Sheet1!E64 -> 1 | E64: =(C64-D64) -> 0 | F64: =[5]Sheet1!G64 -> 4800000 | G64: =[5]Sheet1!H64 -> 6000000
A65: =[5]Sheet1!B65 -> Statistician | B65: =[5]Sheet1!C65 -> UR 5(i)RS | C65: =[5]Sheet1!D65 -> 1 | D65: =[5]Sheet1!E65 -> 0 | E65: =(C65-D65) -> 1 | F65: =[5]Sheet1!G65 -> 4800000 | G65: =[5]Sheet1!H65 -> 6000000
A66: =[5]Sheet1!B66 -> Planner | B66: =[5]Sheet1!C66 -> UR 5(i)RS | C66: =[5]Sheet1!D66 -> 1 | D66: =[5]Sheet1!E66 -> 0 | E66: =(C66-D66) -> 1 | F66: =[5]Sheet1!G66 -> 4800000 | G66: =[5]Sheet1!H66 -> 6000000 | H66: =[5]Sheet1!I66 -> New position
A67: =[5]Sheet1!B67 -> Monitoring and Evaluation Officer | B67: =[5]Sheet1!C67 -> UR 5(i)RS | C67: =[5]Sheet1!D67 -> 1 | D67: =[5]Sheet1!E67 -> 1 | E67: =(C67-D67) -> 0 | F67: =[5]Sheet1!G67 -> 4800000 | G67: =[5]Sheet1!H67 -> 6000000 | H67: =[5]Sheet1!I67 -> 0
A68: =[5]Sheet1!B68 -> Econometrician | B68: =[5]Sheet1!C68 -> UR 5(i)RS | C68: =[5]Sheet1!D68 -> 1 | D68: =[5]Sheet1!E68 -> 1 | E68: =(C68-D68) -> 0 | F68: =[5]Sheet1!G68 -> 4800000 | G68: =[5]Sheet1!H68 -> 6000000 | H68: =[5]Sheet1!I68 -> 0
A69: =[5]Sheet1!B69 -> Knowledge Management Officer(Publication Officer) | B69: =[5]Sheet1!C69 -> UR 5(i)RS | C69: =[5]Sheet1!D69 -> 1 | D69: =[5]Sheet1!E69 -> 0 | E69: =(C69-D69) -> 1 | F69: =[5]Sheet1!G69 -> 4800000 | G69: =[5]Sheet1!H69 -> 6000000 | H69: =[5]Sheet1!I69 -> 0
A70: =[5]Sheet1!B70 -> Partnership Officer | B70: =[5]Sheet1!C70 -> UR 5(i)RS | C70: =[5]Sheet1!D70 -> 1 | D70: =[5]Sheet1!E70 -> 0 | E70: =(C70-D70) -> 1 | F70: =[5]Sheet1!G70 -> 4800000 | G70: =[5]Sheet1!H70 -> 6000000 | H70: =[5]Sheet1!I70 -> New position
A71: =[5]Sheet1!B71 -> Intellectual Property Management Officer | B71: =[5]Sheet1!C71 -> UR 5(i)RS | C71: =[5]Sheet1!D71 -> 1 | D71: =[5]Sheet1!E71 -> 0 | E71: =(C71-D71) -> 1 | F71: =[5]Sheet1!G71 -> 4800000 | G71: =[5]Sheet1!H71 -> 6000000 | H71: =[5]Sheet1!I71 -> New position
A72: =[5]Sheet1!B72 -> First Officer | B72: =[5]Sheet1!C72 -> UR 5(i)RS | C72: =[5]Sheet1!D72 -> 1 | D72: =[5]Sheet1!E72 -> 0 | E72: =(C72-D72) -> 1 | F72: =[5]Sheet1!G72 -> 4800000 | G72: =[5]Sheet1!H72 -> 6000000 | H72: =[5]Sheet1!I72 -> 0
A73: =[5]Sheet1!B73 -> Research Officer-Quality Control | B73: =[5]Sheet1!C73 -> UR 5(i)RS | C73: =[5]Sheet1!D73 -> 2 | D73: =[5]Sheet1!E73 -> 0 | E73: =(C73-D73) -> 2 | F73: =[5]Sheet1!G73 -> 4800000 | G73: =[5]Sheet1!H73 -> 6000000 | H73: =[5]Sheet1!I73 -> 0
A74: =[5]Sheet1!B74 -> Research Officer-Planning | B74: =[5]Sheet1!C74 -> UR 5(i)RS | C74: =[5]Sheet1!D74 -> 8 | D74: =[5]Sheet1!E74 -> 0 | E74: =(C74-D74) -> 8 | F74: =[5]Sheet1!G74 -> 4800000 | G74: =[5]Sheet1!H74 -> 6000000 | H74: =[5]Sheet1!I74 -> 0
A75: =[5]Sheet1!B75 -> Food Chemist | B75: =[5]Sheet1!C75 -> UR 5(i)RS | C75: =[5]Sheet1!D75 -> 2 | D75: =[5]Sheet1!E75 -> 0 | E75: =(C75-D75) -> 2 | F75: =[5]Sheet1!G75 -> 4800000 | G75: =[5]Sheet1!H75 -> 6000000 | H75: =[5]Sheet1!I75 -> New position
A76: =[5]Sheet1!B76 -> Sugar Technologist | B76: =[5]Sheet1!C76 -> UR 5(i)RS | C76: =[5]Sheet1!D76 -> 1 | D76: =[5]Sheet1!E76 -> 1 | E76: =(C76-D76) -> 0 | F76: =[5]Sheet1!G76 -> 4800000 | G76: =[5]Sheet1!H76 -> 6000000 | H76: =[5]Sheet1!I76 -> New position
A77: =[5]Sheet1!B77 -> Research Officer | B77: =[5]Sheet1!C77 -> UR 5(i)RS | C77: =[5]Sheet1!D77 -> 197 | D77: =[5]Sheet1!E77 -> 112 | E77: 90 | F77: =[5]Sheet1!G77 -> 4800000 | G77: =[5]Sheet1!H77 -> 6000000 | H77: =[5]Sheet1!I77 -> 0
A78: =[5]Sheet1!B78 -> Civil Engineer | B78: =[5]Sheet1!C78 -> UR 5(i)RT | C78: =[5]Sheet1!D78 -> 1 | D78: =[5]Sheet1!E78 -> 1 | E78: =(C78-D78) -> 0 | F78: =[5]Sheet1!G78 -> 4000000 | G78: =[5]Sheet1!H78 -> 4500000 | H78: =[5]Sheet1!I78 -> 0
A79: =[5]Sheet1!B79 -> Data and Information Management Officer | B79: =[5]Sheet1!C79 -> UR 5(i)RT | C79: =[5]Sheet1!D79 -> 1 | D79: =[5]Sheet1!E79 -> 0 | E79: =(C79-D79) -> 1 | F79: =[5]Sheet1!G79 -> 4000000 | G79: =[5]Sheet1!H79 -> 4500000 | H79: =[5]Sheet1!I79 -> New position
A80: =[5]Sheet1!B80 -> Farm Manager | B80: =[5]Sheet1!C80 -> UR 5(i)RT | C80: =[5]Sheet1!D80 -> 17 | D80: =[5]Sheet1!E80 -> 17 | E80: =(C80-D80) -> 0 | F80: =[5]Sheet1!G80 -> 4000000 | G80: =[5]Sheet1!H80 -> 4500000 | H80: =[5]Sheet1!I80 -> 0
A81: =[5]Sheet1!B81 -> First Officer | B81: =[5]Sheet1!C81 -> UR 5(i)RT | C81: =[5]Sheet1!D81 -> 1 | D81: =[5]Sheet1!E81 -> 0 | E81: =(C81-D81) -> 1 | F81: =[5]Sheet1!G81 -> 4000000 | G81: =[5]Sheet1!H81 -> 4500000 | H81: =[5]Sheet1!I81 -> 0
A82: =[5]Sheet1!B82 -> Information Technology Officer | B82: =[5]Sheet1!C82 -> UR 5(i)RT | C82: =[5]Sheet1!D82 -> 19 | D82: =[5]Sheet1!E82 -> 8 | E82: =(C82-D82) -> 11 | F82: =[5]Sheet1!G82 -> 4000000 | G82: =[5]Sheet1!H82 -> 4500000 | H82: =[5]Sheet1!I82 -> 0
A83: =[5]Sheet1!B83 -> Information Technology Officer-Digitization | B83: =[5]Sheet1!C83 -> UR 5(i)RT | C83: =[5]Sheet1!D83 -> 1 | D83: =[5]Sheet1!E83 -> 0 | E83: =(C83-D83) -> 1 | F83: =[5]Sheet1!G83 -> 4000000 | G83: =[5]Sheet1!H83 -> 4500000 | H83: =[5]Sheet1!I83 -> New position
A84: =[5]Sheet1!B84 -> Policy and Market Analyst | B84: =[5]Sheet1!C84 -> UR 5(i)RT | C84: =[5]Sheet1!D84 -> 1 | D84: =[5]Sheet1!E84 -> 0 | E84: =(C84-D84) -> 1 | F84: =[5]Sheet1!G84 -> 4000000 | G84: =[5]Sheet1!H84 -> 4500000 | H84: =[5]Sheet1!I84 -> New position
A85: =[5]Sheet1!B85 -> Principal Technician | B85: =[5]Sheet1!C85 -> UR 5(i)RT | C85: =[5]Sheet1!D85 -> 30 | D85: =[5]Sheet1!E85 -> 5 | E85: =(C85-D85) -> 25 | F85: =[5]Sheet1!G85 -> 4000000 | G85: =[5]Sheet1!H85 -> 4500000 | H85: =[5]Sheet1!I85 -> New position
A86: =[5]Sheet1!B86 -> Principal Technician-Tick Colony Management | B86: =[5]Sheet1!C86 -> UR 5(i)RT | C86: =[5]Sheet1!D86 -> 2 | D86: =[5]Sheet1!E86 -> 0 | E86: =(C86-D86) -> 2 | F86: =[5]Sheet1!G86 -> 4000000 | G86: =[5]Sheet1!H86 -> 4500000 | H86: =[5]Sheet1!I86 -> New position
A87: =[5]Sheet1!B87 -> Principal Technician-Equipment | B87: =[5]Sheet1!C87 -> UR 5(i)RT | C87: =[5]Sheet1!D87 -> 2 | D87: =[5]Sheet1!E87 -> 0 | E87: =(C87-D87) -> 2 | F87: =[5]Sheet1!G87 -> 4000000 | G87: =[5]Sheet1!H87 -> 4500000 | H87: =[5]Sheet1!I87 -> New position
A88: =[5]Sheet1!B88 -> Principal Technician-Vaccine Production | B88: =[5]Sheet1!C88 -> UR 5(i)RT | C88: =[5]Sheet1!D88 -> 6 | D88: =[5]Sheet1!E88 -> 0 | E88: =(C88-D88) -> 6 | F88: =[5]Sheet1!G88 -> 4000000 | G88: =[5]Sheet1!H88 -> 4500000 | H88: =[5]Sheet1!I88 -> New position
A89: =[5]Sheet1!B89 -> Statistician | B89: =[5]Sheet1!C89 -> UR 5(i)RT | C89: =[5]Sheet1!D89 -> 1 | D89: =[5]Sheet1!E89 -> 0 | E89: =(C89-D89) -> 1 | F89: =[5]Sheet1!G89 -> 4000000 | G89: =[5]Sheet1!H89 -> 4500000 | H89: =[5]Sheet1!I89 -> 0
... A92: =[5]Sheet1!B92 -> Senior Technician | B92: =[5]Sheet1!C92 -> UR 5(ii)RT | C92: =[5]Sheet1!D92 -> 85 | D92: =[5]Sheet1!E92 -> 11 | E92: =(C92-D92) -> 74 | F92: =[5]Sheet1!G92 -> 3000000 | G92: =[5]Sheet1!H92 -> 3600000 | H92: =[5]Sheet1!I92 -> 0
A93: =[5]Sheet1!B93 -> Accountant | B93: =[5]Sheet1!C93 -> UR 5(i)Admin | C93: 16 | D93: 15 | E93: =(C93-D93) -> 1 | F93: =[5]Sheet1!G93 -> 3500000 | G93: =[5]Sheet1!H93 -> 3500000 | H93: =[5]Sheet1!I93 -> 0
A94: =[5]Sheet1!B94 -> Development Communication Officer | B94: =[5]Sheet1!C94 -> UR 5(i)Admin | C94: =[5]Sheet1!D94 -> 12 | D94: =[5]Sheet1!E94 -> 12 | E94: =(C94-D94) -> 0 | F94: =[5]Sheet1!G94 -> 3500000 | G94: =[5]Sheet1!H94 -> 3500000 | H94: =[5]Sheet1!I94 -> 0
A95: =[5]Sheet1!B95 -> Bio-Safety Secretary/Officer | B95: =[5]Sheet1!C95 -> UR 5(i)Admin | C95: =[5]Sheet1!D95 -> 1 | D95: =[5]Sheet1!E95 -> 1 | E95: =(C95-D95) -> 0 | F95: =[5]Sheet1!G95 -> 3500000 | G95: =[5]Sheet1!H95 -> 3500000 | H95: =[5]Sheet1!I95 -> New position
A96: =[5]Sheet1!B96 -> Documentation Officer | B96: =[5]Sheet1!C96 -> UR 5(i)Admin | C96: =[5]Sheet1!D96 -> 1 | D96: =[5]Sheet1!E96 -> 0 | E96: =(C96-D96) -> 1 | F96: =[5]Sheet1!G96 -> 3500000 | G96: =[5]Sheet1!H96 -> 3500000 | H96: =[5]Sheet1!I96 -> 0
A97: =[5]Sheet1!B97 -> Estate Manager | B97: =[5]Sheet1!C97 -> UR 5(i)Admin | C97: =[5]Sheet1!D97 -> 1 | D97: =[5]Sheet1!E97 -> 0 | E97: =(C97-D97) -> 1 | F97: =[5]Sheet1!G97 -> 3500000 | G97: =[5]Sheet1!H97 -> 3500000 | H97: =[5]Sheet1!I97 -> 0
A98: =[5]Sheet1!B98 -> Gender Officer | B98: =[5]Sheet1!C98 -> UR 5(i)Admin | C98: =[5]Sheet1!D98 -> 1 | D98: =[5]Sheet1!E98 -> 0 | E98: =(C98-D98) -> 1 | F98: =[5]Sheet1!G98 -> 3500000 | G98: =[5]Sheet1!H98 -> 3500000 | H98: =[5]Sheet1!I98 -> 0 | I98: `
A99: =[5]Sheet1!B99 -> Human Resource & Administrative Officer | B99: =[5]Sheet1!C99 -> UR 5(i)Admin | C99: =[5]Sheet1!D99 -> 9 | D99: =[5]Sheet1!E99 -> 8 | E99: =(C99-D99) -> 1 | F99: =[5]Sheet1!G99 -> 3500000 | G99: =[5]Sheet1!H99 -> 3500000 | H99: =[5]Sheet1!I99 -> 0
A100: =[5]Sheet1!B100 -> Internal Auditor | B100: =[5]Sheet1!C100 -> UR 5(i)Admin | C100: =[5]Sheet1!D100 -> 9 | D100: =[5]Sheet1!E100 -> 9 | E100: =(C100-D100) -> 0 | F100: =[5]Sheet1!G100 -> 3500000 | G100: =[5]Sheet1!H100 -> 3500000 | H100: =[5]Sheet1!I100 -> 0
A101: =[5]Sheet1!B101 -> Legal Officer | B101: =[5]Sheet1!C101 -> UR 5(i)Admin | C101: =[5]Sheet1!D101 -> 1 | D101: =[5]Sheet1!E101 -> 0 | E101: =(C101-D101) -> 1 | F101: =[5]Sheet1!G101 -> 3500000 | G101: =[5]Sheet1!H101 -> 3500000 | H101: =[5]Sheet1!I101 -> New position
A102: =[5]Sheet1!B102 -> Librarian | B102: =[5]Sheet1!C102 -> UR 5(i)Admin | C102: =[5]Sheet1!D102 -> 1 | D102: =[5]Sheet1!E102 -> 1 | E102: =(C102-D102) -> 0 | F102: =[5]Sheet1!G102 -> 3500000 | G102: =[5]Sheet1!H102 -> 3500000 | H102: =[5]Sheet1!I102 -> 0
A103: =[5]Sheet1!B103 -> Procurement Officer | B103: =[5]Sheet1!C103 -> UR 5(i)Admin | C103: =[5]Sheet1!D103 -> 10 | D103: =[5]Sheet1!E103 -> 13 | E103: =(C103-D103) -> -3 | F103: =[5]Sheet1!G103 -> 3500000 | G103: =[5]Sheet1!H103 -> 3500000 | H103: =[5]Sheet1!I103 -> 0
A104: =[5]Sheet1!B104 -> Records Officer | B104: =[5]Sheet1!C104 -> UR 5(i)Admin | C104: =[5]Sheet1!D104 -> 1 | D104: =[5]Sheet1!E104 -> 1 | E104: =(C104-D104) -> 0 | F104: =[5]Sheet1!G104 -> 3500000 | G104: =[5]Sheet1!H104 -> 3500000 | H104: =[5]Sheet1!I104 -> 0
A105: =[5]Sheet1!B105 -> Senior Administrative Assistant Grade I | B105: =[5]Sheet1!C105 -> UR 5(i)Admin | C105: =[5]Sheet1!D105 -> 13 | D105: =[5]Sheet1!E105 -> 12 | E105: =(C105-D105) -> 1 | F105: =[5]Sheet1!G105 -> 3500000 | G105: =[5]Sheet1!H105 -> 3500000 | H105: =[5]Sheet1!I105 -> 0
...

Sheet EST.PARI
A1: SUMMARY OF STAFF ESTABLISHMENT AGAINST FILLED AS AT 21/6/2026 | G1: aprp
B2: TOTAL APPROVED | C2: CATEGORY | D2: APPROVED | E2: FILLED | F2: TOTAL FILLED | G2: % STAFFING
A3: NAROSEC | B3: 101 | D3: 101 | E3: 84 | F3: 84
A4: NARL | B4: =(D4+D5+D6) -> 114 | C4: Research Scientist | D4: 45 | E4: 36 | F4: =(E4+E5+E6) -> 78
C5: Technician | D5: 33 | E5: 13
C6: Administration-support | D6: 36 | E6: 29
A7: NACRRI | B7: =(D7+D8+D9) -> 115 | C7: Research Scientist | D7: 44 | E7: 36 | F7: =(E7+E8+E9) -> 81
C8: Technician | D8: 39 | E8: 20
C9: Administration | D9: 32 | E9: 25
A10: NACORI | B10: =(D10+D11+D12) -> 56 | C10: Research Scientist | D10: 21 | E10: 20 | F10: =(E10+E11+E12) -> 40
C11: Technician | D11: 16 | E11: 4
C12: Administration | D12: 19 | E12: 16
A13: NAFORRI | B13: =(D13+D14+D15) -> 89 | C13: Research Scientist | D13: 34 | E13: 19 | F13: =(E13+E14+E15) -> 53
C14: Technician | D14: 25 | E14: 14
C15: Administration | D15: 30 | E15: 20
A16: NAFIRRI | B16: =(D16+D17+D18) -> 98 | C16: Research Scientist | D16: 31 | E16: 20 | F16: =(E16+E17+E18) -> 53
C17: Technician | D17: 29 | E17: 10
C18: Administration | D18: 38 | E18: 23
A19: NALIRRI | B19: =(D21+D20+D19) -> 135 | C19: Research Scientist | D19: 51 | E19: 29 | F19: =(E19+E20+E21) -> 58
C20: Technician | D20: 47 | E20: 10
C21: Administration | D21: 37 | E21: 19
A22: NASARRI | B22: =(D22+D23+D24) -> 96 | C22: Research Scientist | D22: 38 | E22: 19 | F22: =(E23+E24+E22) -> 53
C23: Technician | D23: 25 | E23: 13
C24: Administration | D24: 33 | E24: 21
A25: ABIZARDI | B25: =(D25+D26+D27) -> 43 | C25: Research Scientist | D25: 14 | E25: 6 | F25: =(E27+E26+E25) -> 27
C26: Technician | D26: 11 | E26: 7
C27: Administration | D27: 18 | E27: 14
A28: BUGIZARDI | B28: 48 | C28: Research Scientist | D28: 17 | E28: 8 | F28: =(E30+E29+E28) -> 28
C29: Technician | D29: 15 | E29: 7
C30: Administration | D30: 18 | E30: 13
A31: BULINDI ZARDI | B31: 72 | C31: Research Scientist | D31: 26 | E31: 7 | F31: =(E33+E32+E31) -> 32
C32: Technician | D32: 18 | E32: 10
C33: Administration | D33: 27 | E33: 15
A34: MUKONO ZARDI | B34: 45 | C34: Research Scientist | D34: 16 | E34: 8 | F34: =(E36+E35+E34) -> 29
C35: Technician | D35: 11 | E35: 6
C36: Administration | D36: 18 | E36: 15
A37: MBAZARDI | B37: =(D39+D38+D37) -> 50 | C37: Research Scientist | D37: 18 | E37: 9 | F37: =(E39+E38+E37) -> 33
C38: Technician | D38: 14 | E38: 10
C39: Administration | D39: 18 | E39: 14
A40: NABUIN ZARDI | B40: 44 | C40: Research Scientist | D40: 13 | E40: 7 | F40: =(E42+E41+E40) -> 29
C41: Technician | D41: 14 | E41: 10
C42: Administration | D42: 17 | E42: 12
A43: NGETTA ZARDI | B43: 40 | C43: Research Scientist | D43: 14 | E43: 6 | F43: =(E45+E44+E43) -> 30
C44: Technician | D44: 9 | E44: 6
C45: Administration | D45: 17 | E45: 18
A46: RWEBITABA ZARDI | B46: 49 | C46: Research Scientist | D46: 17 | E46: 11 | F46: =(E48+E47+E46) -> 33
C47: Technician | D47: 13 | E47: 9
C48: Administration | D48: 17 | E48: 13
A49: KAZARDI | B49: 47 | C49: Research Scientist | D49: 15 | E49: 10 | F49: =(E49+E50+E51) -> 32
C50: Technician | D50: 15 | E50: 7
C51: Administration | D51: 17 | E51: 15
A52: TOTAL | B52: =SUM(B3:B51) -> 1242 | E52: =SUM(E3:E51) -> 773 | F52: =SUM(F3:F51) -> 773
C53: =E349 -> 0

Sheet traded off posts
C1: CURRENT ESTABLISHMENT AND STAFFING
A2: ANNEX 1:NARO STRUCTURE FOR TRADED OFF POSITIONS
A3: JOB TITLE | B3: SALARY SCALE | C3: APPROVED ESTAB | D3: TRADED OFF | E3: PROPOSED NEW ESTAB | F3: CURRENT MONTHLY SALARY | G3: CURRENT ANNUAL SALARY
A4: NARL
A5: BIODIVERSITY & BIOTECHNOLOGY - BBP PROGRAM
A6: Senior Principal Research Officer | B6: UR 2(ii)RS | C6: 1 | E6: =C6 -> 1 | F6: 10600000 | G6: =(F6*12) -> 127200000
A7: Principal Research Officer | B7: UR 3RS | C7: 3 | E7: =C7 -> 3 | F7: 8500000 | G7: =(F7*12) -> 102000000
A8: Senior Research Officer | B8: UR 4RS | C8: 4 | E8: =C8 -> 4 | F8: 7500000 | G8: =(F8*12) -> 90000000
A9: Research Officer | B9: UR 5(i)RS | C9: 6 | D9: 1 | E9: 5 | F9: 6000000 | G9: =(F9*12) -> 72000000
A10: Senior Principal Technician | B10: UR 4RT | C10: 1 | E10: =C10 -> 1 | F10: 5600000 | G10: =(F10*12) -> 67200000
A11: Senior Technician | B11: UR 5(ii)RT | C11: 3 | E11: =C11 -> 3 | F11: 3600000 | G11: =(F11*12) -> 43200000
A12: Technician | B12: UR 6RT | C12: 3 | E12: =C12 -> 3 | F12: 2600000 | G12: =(F12*12) -> 31200000
A13: Research Assistant | C13: 0 | E13: 1 | F13: 4500000 | G13: =(F13*12) -> 54000000
A14: Sub Total | C14: =SUM(C6:C12) -> 21 | E14: =SUM(E6:E13) -> 21
A16: SOIL ENVIRONMENT AND AGROMETEREOLOGY RESEARCH PROGRAM
A17: Senior Principal Research Officer | B17: UR 2(ii)RS | C17: 1 | E17: =C17 -> 1 | F17: 10600000 | G17: =(F17*12) -> 127200000
A18: Principal Research Officer | B18: UR 3RS | C18: 2 | E18: =C18 -> 2 | F18: 8500000 | G18: =(F18*12) -> 102000000
A19: Senior Research Officer | B19: UR 4RS | C19: 4 | E19: =C19 -> 4 | F19: 7500000 | G19: =(F19*12) -> 90000000
A20: Research Officer | B20: UR 5(i)RS | C20: 4 | D20: 1 | E20: 3 | F20: 6000000 | G20: =(F20*12) -> 72000000
A21: Senior Principal Technician | B21: UR 4Tech | C21: 1 | E21: =C21 -> 1 | F21: 5600000 | G21: =(F21*12) -> 67200000
A22: Senior Technician | B22: UR 5(ii)Tech | C22: 3 | E22: =C22 -> 3 | F22: 3600000 | G22: =(F22*12) -> 43200000
A23: Technician | B23: UR 6Tech | C23: 3 | E23: =C23 -> 3 | F23: 2600000 | G23: =(F23*12) -> 31200000
A24: Farm Manager | B24: UR 5(i)Tech | C24: 1 | E24: =C24 -> 1 | F24: 4500000 | G24: =(F24*12) -> 54000000
A25: =A13 -> Research Assistant | B25: =B13 -> 0 | C25: =C13 -> 0 | D25: =D13 -> 0 | E25: =E13 -> 1 | F25: =F13 -> 4500000 | G25: =G13 -> 54000000
A26: Sub Total | C26: =SUM(C17:C24) -> 19 | E26: =C26 -> 19
A28: FOOD BIOSCIENCES & AGRIBUSINESS-FBA PROGRAMME
A29: Senior Principal Research Officer | B29: UR 2(ii)RS | C29: 1 | E29: =C29 -> 1 | F29: 10600000 | G29: =(F29*12) -> 127200000
A30: Principal Research Officer | B30: UR 3RS | C30: 2 | E30: =C30 -> 2 | F30: 8500000 | G30: =(F30*12) -> 102000000
A31: Senior Research Officer | B31: UR 4RS | C31: 3 | E31: =C31 -> 3 | F31: 7500000 | G31: =(F31*12) -> 90000000
A32: Research Officer | B32: UR 5(i)RS | C32: 4 | E32: =C32 -> 4 | F32: 6000000 | G32: =(F32*12) -> 72000000
A33: Senior Principal Technician | B33: UR 4Tech | C33: 1 | E33: =C33 -> 1 | F33: 5600000 | G33: =(F33*12) -> 67200000
A34: Principal Technician | B34: UR 5(i)Tech | C34: 1 | E34: =C34 -> 1 | F34: 4500000 | G34: =(F34*12) -> 54000000
A35: Senior Technician | B35: UR 5(ii)Tech | C35: 1 | E35: =C35 -> 1 | F35: 3600000 | G35: =(F35*12) -> 43200000
A36: Technician | B36: UR 6Tech | C36: 3 | E36: =C36 -> 3 | F36: 2600000 | G36: =(F36*12) -> 31200000
A37: =A25 -> Research Assistant | B37: =B25 -> 0 | C37: =C25 -> 0 | D37: =D25 -> 0 | E37: =E25 -> 1 | F37: =F25 -> 4500000 | G37: =G25 -> 54000000
A38: Sub Total | C38: =SUM(C29:C36) -> 16 | E38: =SUM(E29:E37) -> 17
A40: BIOSYSTEMS & AGRICULTURAL ENGINEERING RESEARCH PROGRAMME
A41: Senior Principal Research Officer | B41: UR 2(ii)RS | C41: 1 | E41: 1 | F41: 10600000 | G41: =(F41*12) -> 127200000
A42: Principal Research Officer | B42: UR 3RS | C42: 2 | E42: 2 | F42: 8500000 | G42: =(F42*12) -> 102000000
A43: Senior Research Officer | B43: UR 4RS | C43: 3 | E43: 3 | F43: 7500000 | G43: =(F43*12) -> 90000000
A44: Research Officer | B44: UR 5(i)RS | C44: 6 | D44: 1 | E44: 5 | F44: 6000000 | G44: =(F44*12) -> 72000000
A45: Principal Technician | B45: UR 5(i)Tech | C45: 1 | E45: 1 | F45: 4500000 | G45: =(F45*12) -> 54000000
A46: Senior Technician | B46: UR 5(ii)Tech | C46: 2 | E46: 2 | F46: 3600000 | G46: =(F46*12) -> 43200000
A47: Technician | B47: UR 6Tech | C47: 7 | E47: 7 | F47: 2600000 | G47: =(F47*12) -> 31200000
A48: Farm Manager | B48: UR 5(i)Tech | C48: 0 | E48: 0 | F48: 4500000 | G48: =(F48*12) -> 54000000
A49: Sub Total | C49: =SUM(C41:C48) -> 22 | E49: =SUM(E41:E48) -> 21
A51: NaCRRI
A52: ROOT,TUBER AND BANANA RESEARCH PROGRAMME
A53: Senior Principal Research Officer | B53: UR 2(ii)RS | C53: 3 | E53: =C53 -> 3 | F53: 10600000 | G53: =(F53*12) -> 127200000
A54: Principal Research Officer | B54: UR 3RS | C54: 4 | E54: =C54 -> 4 | F54: 8500000 | G54: =(F54*12) -> 102000000
A55: Senior Research Officer | B55: UR 4RS | C55: 6 | E55: =C55 -> 6 | F55: 7500000 | G55: =(F55*12) -> 90000000
A56: Research Officer | B56: UR 5(i)RS | C56: 6 | D56: 1 | E56: 5 | F56: 6000000 | G56: =(F56*12) -> 72000000
A57: Principal Technician | B57: UR 5(i)Tech | C57: 3 | E57: =C57 -> 3 | F57: 4500000 | G57: =(F57*12) -> 54000000
A58: Senior Technician | B58: UR 5(ii)Tech | C58: 3 | E58: =C58 -> 3 | F58: 3600000 | G58: =(F58*12) -> 43200000
A59: Technician | B59: UR 6Tech | C59: 6 | E59: =C59 -> 6 | F59: 2600000 | G59: =(F59*12) -> 31200000
A60: Research Assistant | B60: =B71 -> 0 | C60: =C71 -> 0 | D60: =D71 -> 0 | E60: =E71 -> 1 | F60: 4500000 | G60: =(F60*12) -> 54000000
A61: Sub Total | C61: =SUM(C53:C59) -> 31 | E61: =C61 -> 31
A63: CEREALS RESEARCH PROGRAMME
A64: Senior Principal Research Officer | B64: UR 2(ii)RS | C64: 1 | E64: =C64 -> 1 | F64: 10600000 | G64: =(F64*12) -> 127200000
A65: Principal Research Officer | B65: UR 3RS | C65: 2 | E65: =C65 -> 2 | F65: 8500000 | G65: =(F65*12) -> 102000000
A66: Senior Research Officer | B66: UR 4RS | C66: 2 | E66: =C66 -> 2 | F66: 7500000 | G66: =(F66*12) -> 90000000
A67: Research Officer | B67: UR 5(i)RS | C67: 4 | E67: =C67 -> 4 | F67: 6000000 | G67: =(F67*12) -> 72000000
A68: Principal Technician | B68: UR 5(i)Tech | C68: 1 | E68: =C68 -> 1 | F68: 4500000 | G68: =(F68*12) -> 54000000
A69: Senior Technician | B69: UR 5(ii)Tech | C69: 3 | E69: =C69 -> 3 | F69: 3600000 | G69: =(F69*12) -> 43200000
A70: Technician | B70: UR 6Tech | C70: 3 | E70: =C70 -> 3 | F70: 2600000 | G70: =(F70*12) -> 31200000
A71: Research Assistant | C71: =C37 -> 0 | D71: =D37 -> 0 | E71: =E37 -> 1 | F71: =F37 -> 4500000 | G71: =G37 -> 54000000
A72: Sub Total | C72: =SUM(C64:C70) -> 16 | E72: =SUM(E64:E71) -> 17
A73: NACORI
A74: COFFEE VARIETY IMPROVEMENT AND MANAGEMENT PROGRAMME
A75: Senior Principal Research Officer | B75: UR 2(ii)RS | C75: 1 | E75: =C75 -> 1 | F75: 10600000 | G75: =(F75*12) -> 127200000
A76: Principal Research Officer | B76: UR 3RS | C76: 1 | E76: =C76 -> 1 | F76: 8500000 | G76: =(F76*12) -> 102000000
A77: Senior Research Officer | B77: UR 4RS | C77: 3 | E77: =C77 -> 3 | F77: 7500000 | G77: =(F77*12) -> 90000000
A78: Research Officer | B78: UR 5(i)RS | C78: 4 | E78: =C78 -> 4 | F78: 6000000 | G78: =(F78*12) -> 72000000
A79: Farm Manager | B79: UR 5(i)Tech | C79: 1 | E79: =C79 -> 1 | F79: 4500000 | G79: =(F79*12) -> 54000000
A80: Principal Technician | B80: UR 5(i)Tech | C80: 1 | E80: =C80 -> 1 | F80: 4500000 | G80: =(F80*12) -> 54000000
A81: Senior Technician | B81: UR 5(ii)Tech | C81: 3 | E81: =C81 -> 3 | F81: 3600000 | G81: =(F81*12) -> 43200000
A82: Technician | B82: UR 6Tech | C82: 3 | E82: =C82 -> 3 | F82: 2600000 | G82: =(F82*12) -> 31200000
A83: Research Assistant | C83: =C71 -> 0 | D83: =D71 -> 0 | E83: 1 | F83: 4500000 | G83: =(F83*12) -> 54000000
A84: Sub Total | C84: =SUM(C75:C82) -> 17 | E84: 18
A86: COFFEE PLANT HEALTH AND MANAGEMENT
A87: Senior Principal Research Officer | B87: UR 2(ii)RS | C87: 1 | E87: =C87 -> 1 | F87: 10600000 | G87: =(F87*12) -> 127200000
A88: Principal Research Officer | B88: UR 3RS | C88: 2 | E88: =C88 -> 2 | F88: 8500000 | G88: =(F88*12) -> 102000000
A89: Senior Research Officer | B89: UR 4RS | C89: 2 | E89: =C89 -> 2 | F89: 7500000 | G89: =(F89*12) -> 90000000
A90: Research Officer | B90: UR 5(i)RS | C90: 2 | E90: =C90 -> 2 | F90: 6000000 | G90: =(F90*12) -> 72000000
A91: Senior Technician | B91: UR 5(ii)Tech | C91: 1 | E91: =C91 -> 1 | F91: 3600000 | G91: =(F91*12) -> 43200000
A92: Technician | B92: UR 6Tech | C92: 2 | E92: =C92 -> 2 | F92: 2600000 | G92: =(F92*12) -> 31200000
A93: =A83 -> Research Assistant | C93: =C83 -> 0 | D93: =D83 -> 0 | E93: 1 | F93: =F83 -> 4500000 | G93: =G83 -> 54000000
A94: Sub Total | C94: =SUM(C87:C92) -> 10 | E94: 11
A95: NaFORRI
A96: FOREST CONSERVATION AND MANAGEMENT
A97: Senior Principal Research Officer | B97: UR 2(ii)RS | C97: 1 | E97: =C97 -> 1 | F97: 10600000 | G97: =(F97*12) -> 127200000
A98: Principal Research Officer | B98: UR 3RS | C98: 1 | E98: =C98 -> 1 | F98: 8500000 | G98: =(F98*12) -> 102000000
A99: Senior Research Officer | B99: UR 4RS | C99: 3 | E99: =C99 -> 3 | F99: 7500000 | G99: =(F99*12) -> 90000000
A100: Research Officer | B100: UR 5(i)RS | C100: 4 | D100: 1 | E100: 3 | F100: 6000000 | G100: =(F100*12) -> 72000000
A101: Senior Principal Technician | B101: UR 4Tech | C101: 1 | E101: =C101 -> 1 | F101: 5600000 | G101: =(F101*12) -> 67200000
A102: Senior Technician | B102: UR 5(ii)Tech | C102: 3 | E102: =C102 -> 3 | F102: 3600000 | G102: =(F102*12) -> 43200000
A103: Technician | B103: UR 6Tech | C103: 2 | E103: =C103 -> 2 | F103: 2600000 | G103: =(F103*12) -> 31200000
A104: Farm Manager | B104: UR 5(i)Tech | C104: 1 | E104: =C104 -> 1 | F104: 4500000 | G104: =(F104*12) -> 54000000
A105: =A93 -> Research Assistant | B105: =B93 -> 0 | C105: =C93 -> 0 | D105: =D93 -> 0 | E105: 1 | F105: =F93 -> 4500000 | G105: =G93 -> 54000000
A106: Sub Total | C106: =SUM(C97:C104) -> 16 | E106: =SUM(E97:E105) -> 16
...
